,Corner1,Corner2,Corner3,Corner4,Corner5
0,      12,     272,      28,      88,      57
1,       2,      86,      52,       7,      18
2,      12,     236,      28,      24,      25
3,       8,      89,      52,       0,      29
4,      29,     232,      28,      10,       9
5,      56,     125,      52,      64,      71
6,       7,      87,      71,       1,       6
7,      12,     272,      28,      88,      57
8,      15,     109,      24,      24,      23
9,      75,     255,       6,      48,      19
10,      42,     113,      10,      32,      12
11,      32,      94,      67,       0,      12
12,      57,     259,       5,      33,       4
13,      81,      92,      72,      70,      12
14,      12,     304,      28,     145,      30
15,     124,     292,     109,     112,      78
16,     108,     165,      52,      82,      81
17,      63,     146,     123,      88,      65
18,      41,      95,       5,      21,      30
19,      54,     146,      52,      82,      34
20,      49,     121,       1,      14,       2
21,     172,     331,      95,     168,     130
22,     111,     186,      48,     146,     123
23,     129,     157,      72,     128,      12
24,      12,     295,      28,     166,      29
25,      12,     292,      28,     133,      55
26,      81,     149,      52,      82,      81
27,     114,     159,      72,      76,      59
28,      89,     126,     107,      84,      74
29,      84,     304,      28,     200,      30
30,     130,     185,      52,      82,      43
31,     138,     191,      34,     142,     132
32,      60,     172,     124,     149,     104
33,     148,     315,     157,     190,     106
34,      88,     169,     140,     187,      98
35,     159,     319,     161,     157,     101
36,     106,     158,      72,     104,      12
37,     202,     304,      79,     200,      29
38,     197,     352,     147,     241,     138
39,     154,     189,      72,     155,      12
40,     136,     208,      84,      82,      35
41,     173,     225,      52,      82,      68
42,     136,     206,      70,     238,     156
43,     122,     193,     165,      90,      64
44,     114,     192,     162,     118,     107
45,     194,     215,      81,      82,      35
46,     243,     390,     192,     295,     136
47,     196,     304,      28,     200,      30
48,      12,     304,      28,     194,      57
49,     182,     245,     181,     288,      92
50,     136,     216,      52,      82,      35
51,     202,     304,      28,     200,      30
52,     136,     233,      52,      82,      35
53,     184,     217,      70,     212,     170
54,     191,     216,      73,     138,      61
55,     197,     219,      72,     206,      59
56,     201,     304,      28,     200,      55
57,      12,     304,      28,     200,      30
58,     205,     379,     161,     250,     102
59,     136,     254,      52,      82,      28
60,     136,     240,      67,      82,      28
61,     136,     218,      52,      82,      28
62,     207,     236,     135,     250,      92
63,     186,     212,      73,     153,      59
64,     163,     223,      34,     169,     165
65,      12,     304,      28,     200,      30
66,     209,     253,      34,     220,     131
67,     215,     385,     141,     216,     138
68,     201,     241,      48,     218,     170
69,      12,     304,      65,     200,      55
70,     212,     388,     171,     255,     190
71,     134,     304,      28,     174,      29
72,     216,     226,      72,     167,      12
73,     253,     415,     210,     302,     145
74,     215,     237,     147,     258,     170
75,     191,     257,      72,     213,      12
76,     177,     255,      52,      88,      20
77,     255,     424,     215,     314,     145
78,     211,     391,     158,     237,     138
79,      84,     304,      28,     200,      57
80,     256,     255,     184,     302,      92
81,     257,     274,      48,     298,      92
82,     245,     253,      72,     231,      12
83,     221,     206,      72,     163,      12
84,     238,     273,      52,      82,      20
85,     215,     244,      56,     222,      61
86,     274,     260,      48,     272,     170
87,     225,     248,      34,     181,     102
88,     199,     250,     158,     154,     141
89,     263,     452,     250,     337,     145
90,     290,     301,      48,     338,      92
91,     196,     213,      34,     166,     135
92,     230,     240,      34,     186,     191
93,     168,     266,      72,     236,      61
94,      84,     304,      28,     200,      29
95,     363,     465,     250,     436,     145
96,     307,     410,     140,     288,     138
97,     395,     273,      52,      82,      68
98,     215,     310,      72,     237,      59
99,     330,     322,      48,     368,      92
100,     266,     265,      34,     214,     188
101,     243,     280,      34,     233,     131
102,     136,     273,      84,      82,      28
103,     243,     313,      34,     269,     131
104,     243,     284,      34,     253,     131
105,     363,     468,     250,     436,     145
106,     420,     322,      48,     368,      92
107,      84,     304,      74,     200,      29
108,     135,     447,      55,     142,      99
109,      12,     304,      28,     200,      30
110,     226,     447,     102,     307,     134
111,     121,     446,      15,     159,      38
112,      37,     437,       0,     101,       0
113,     215,     308,      72,     237,      12
114,     136,     273,      52,      82,      28
115,      37,     437,       0,     101,       0
116,     245,     334,      73,     238,      59
117,     316,     344,      34,     386,     131
118,     364,     362,      48,     368,      92
119,      12,     304,      74,     200,      55
120,      12,     304,      28,     200,      30
121,     240,     273,      81,      82,      28
122,     263,     523,     250,     410,     145
123,     316,     342,      34,     397,     131
124,     363,     500,     250,     436,     145
125,     347,     384,     322,     398,      92
126,     300,     428,     133,     247,     125
127,     191,     428,      42,      99,      21
128,     210,     428,     103,      83,      89
129,     111,     428,      13,      45,       0
130,      84,     304,      28,     200,      55
131,     215,     334,      73,     237,      59
132,     111,     428,      13,      45,       0
133,     245,     334,      72,     237,      12
134,      49,     361,       4,      16,       5
135,     141,     370,      25,      93,      29
136,     231,     370,     117,     215,     129
137,     140,     370,      92,      78,      55
138,     316,     376,      34,     397,     131
139,     400,     273,      52,      82,      35
140,     363,     499,     250,     436,     344
141,      49,     361,       4,      16,       5
142,     263,     485,     250,     303,     145
143,     363,     530,     250,     436,     396
144,      84,     304,      19,     200,      28
145,     243,     376,      34,     460,     131
146,     136,     273,      52,      82,      28
147,      84,     304,      28,     200,      29
148,     347,     383,     322,     386,      92
149,     215,     334,      72,     237,      12
150,     215,     334,      72,     237,      59
151,     420,     382,     322,     368,      92
152,     243,     375,      34,     462,     131
153,     363,     536,     250,     436,     396
154,     136,     273,      52,      82,      35
155,     316,     389,      34,     397,     131
156,     188,     320,      28,     212,      29
157,     136,     273,      52,      88,      35
158,     420,     423,      48,     368,      92
159,     245,     334,      72,     237,      59
160,      10,     320,      19,     200,      70
161,     316,     438,      34,     397,     131
162,     363,     487,     250,     303,     336
163,     109,     515,      91,     198,     234
164,     370,     504,      48,     418,      92
165,     135,     288,      52,      96,      28
166,     316,     438,      34,     397,     131
167,     191,     334,      83,     237,      12
168,      83,     719,     147,      28,     147
169,     188,     720,     147,      57,     136
170,     184,     720,     217,      57,     159
171,      88,     725,     147,      57,     149
172,     184,     725,     188,      29,     194
173,      88,     720,     204,      28,     147
174,      83,     720,     147,      28,     148
175,      83,     719,     216,      28,     159
176,     188,     720,     147,      28,     158
177,     188,     719,     147,      28,     148
178,     109,     515,      91,     198,     234
179,     188,     720,     147,      57,     157
180,      83,     725,     147,      28,     148
181,      83,     719,     147,      57,     149
182,      83,     720,     147,      28,     140
183,      88,     719,     147,      28,     153
184,     184,     725,     217,      28,     160
185,     363,     516,     268,     436,     524
186,     363,     516,     250,     311,     145
187,     202,     310,      80,     197,      54
188,     631,    1081,     605,     477,     450
189,     347,     497,     322,     386,      92
190,     595,    1060,     491,     419,     395
191,     104,     713,     193,      45,     131
192,     119,     718,     178,      24,     115
193,     119,     718,     193,      24,     122
194,     104,     716,     179,      45,     116
195,     119,     711,     179,      45,     116
196,     123,     711,     178,      24,     123
197,     108,     711,     193,      45,     116
198,     123,     718,     193,      24,     115
199,     104,     708,     178,      45,     115
200,     119,     713,     222,      46,     180
201,     630,    1082,     610,     477,     447
202,      10,     320,       4,     212,      57
203,     191,     310,      68,     172,      59
204,     188,     320,      28,     212,      29
205,      84,     304,      19,     200,      28
206,      12,     304,      28,     200,      30
207,      12,     304,      74,     200,      55
208,     630,    1081,     608,     476,     448
209,      84,     304,      74,     200,      29
210,      84,     304,      28,     200,      57
211,      12,     304,      28,     200,      30
212,     202,     304,      28,     200,      30
213,      12,     304,      65,     200,      55
214,      12,     304,      28,     194,      57
215,      84,     304,      28,     200,      30
216,      12,     292,      28,     133,      55
217,      12,     272,      28,      88,      57
218,      12,     236,      28,      24,      25
219,     123,     718,     178,      24,     122
220,      10,     320,      19,     212,      28
221,     123,     708,     193,      24,     134
222,     119,     713,     193,      45,     123
223,     119,     716,     178,      24,     123
224,     119,     713,     193,      45,     134
225,     104,     713,     178,      24,     131
226,     135,     288,      52,      96,     144
227,     643,    1073,     533,     455,     357
228,     631,    1052,     479,     479,     357
229,     674,    1116,     585,     517,     441
230,     254,     340,      66,     230,      95
231,     491,     638,     382,     526,     476
232,     274,     454,      78,      98,     255
233,     137,     515,      91,     198,     234
234,     142,     320,      28,     161,      29
235,     168,     340,      17,     394,      22
236,     198,     350,      23,     356,      12
237,     313,     350,      72,     381,      66
238,     245,     350,      83,     298,      12
239,     678,    1108,     585,     514,     438
240,     677,    1116,     587,     517,     440
241,      33,     515,     216,     213,      90
242,     109,     515,      29,     198,      32
243,     109,     515,     196,     198,      41
244,     109,     515,     234,     171,      90
245,     109,     515,      91,     213,      32
246,      33,     515,     220,     213,      92
247,     137,     515,     196,     198,      41
248,      33,     515,     234,     213,      90
249,     109,     515,     195,     198,      41
250,     512,     608,     529,     550,     512
251,     243,     671,     455,     481,     131
252,     274,     454,      78,      98,     255
253,     264,     515,      76,     213,     178
254,     109,     515,      91,     198,     234
255,     137,     515,      91,     198,     234
256,     109,     515,      91,     198,     234
257,     186,     748,     233,      63,     184
258,     186,     747,     233,      94,     184
259,     128,     745,     232,      63,     184
260,     128,     746,     276,      95,     232
261,     182,     745,     233,      94,     194
262,     182,     748,     232,      63,     173
263,     128,     747,     233,      63,     184
264,     128,     747,     232,      63,     194
265,     186,     739,     232,      94,     184
266,     128,     747,     233,      63,     173
267,     128,     747,     233,      94,     172
268,     128,     746,     233,      94,     194
269,     186,     739,     233,      94,     184
270,     128,     746,     233,      94,     172
271,     128,     746,     233,      94,     184
272,     128,     746,     232,      94,     184
273,     420,     539,     322,     368,     194
274,     507,     651,     396,     538,     492
275,     137,     515,      91,     198,     234
276,     109,     515,      76,     198,     234
277,     109,     515,      91,     198,      37
278,     137,     515,      91,     198,     234
279,      33,     515,      37,     213,      50
280,     109,     515,      91,     198,     234
281,     137,     515,      91,     198,     234
282,     109,     515,      91,     198,     234
283,     109,     515,      91,     198,     234
284,     109,     515,      91,     198,     234
285,     109,     515,      91,     198,     378
286,     137,     515,      91,     198,      32
287,     597,     677,     720,     684,     696
288,     400,     703,      48,     388,      92
289,     109,     515,      91,     213,     234
290,     164,     510,     235,     151,     150
291,     715,    1161,     703,     589,     567
292,     556,     650,     442,     483,     470
293,      10,     320,      19,     212,      28
294,     142,     320,      28,     161,      29
295,      10,     320,      19,     200,      70
296,      84,     304,      28,     200,      29
297,      84,     304,      28,     200,      55
298,      12,     304,      28,     200,      30
299,      84,     304,      28,     200,      29
300,     134,     304,      28,     174,      29
301,      12,     304,      28,     200,      30
302,     196,     304,      28,     200,      30
303,     201,     304,      28,     200,      55
304,     202,     304,      79,     200,      29
305,      12,     295,      28,     166,      29
306,      12,     304,      28,     145,      30
307,      29,     232,      28,      10,       9
308,     198,     350,      16,     298,      12
309,     500,     606,     443,     484,     473
310,     191,     310,      68,     172,      59
311,     507,     579,     557,     503,     617
312,     135,     288,      52,      96,      28
313,     715,    1162,     704,     558,     564
314,     457,     726,     448,     461,     625
315,     263,     514,     250,     514,     145
316,     198,     350,      73,     298,      46
317,     313,     350,      72,     381,      66
318,     198,     350,      23,     356,      12
319,     191,     334,      83,     237,      12
320,     215,     334,      72,     237,      12
321,     215,     334,      73,     237,      59
322,     215,     308,      72,     237,      12
323,     215,     310,      72,     237,      59
324,     245,     253,      72,     231,      12
325,     191,     257,      72,     213,      12
326,     215,     244,      56,     222,      61
327,     191,     216,      73,     138,      61
328,     154,     189,      72,     155,      12
329,     114,     159,      72,      76,      59
330,      81,      92,      72,      70,      12
331,      32,      94,      67,       0,      12
332,     160,     288,      52,      75,      63
333,     198,     350,      73,     298,      46
334,     263,     491,     268,     514,     367
335,     135,     288,      60,      96,      59
336,     177,     279,       4,      86,      24
337,     135,     288,      52,      96,     144
338,     218,     777,     249,     132,     217
339,     181,     777,     249,     132,     241
340,     223,     770,     249,     110,     246
341,     136,     273,      52,      82,      35
342,     136,     273,      52,      82,      28
343,     240,     273,      81,      82,      28
344,     136,     273,      84,      82,      28
345,     238,     273,      52,      82,      20
346,     136,     254,      52,      82,      28
347,     136,     233,      52,      82,      35
348,     136,     240,      67,      82,      28
349,     136,     208,      84,      82,      35
350,     130,     185,      52,      82,      43
351,      54,     146,      52,      82,      34
352,      56,     125,      52,      64,      71
353,       8,      89,      52,       0,      29
354,     218,     775,     249,     132,     245
355,     185,     772,     249,     110,     224
356,     185,     777,     249,     110,     217
357,     181,     777,     264,     132,     252
358,     219,     770,     264,     110,     253
359,     181,     777,     261,     133,     274
360,     185,     770,     249,     110,     225
361,     147,     510,     118,     151,     150
362,     337,     279,      78,      80,      52
363,     181,     777,     264,     132,     225
364,     218,     775,     264,     110,     217
365,     219,     775,     249,     132,     218
366,     181,     777,     264,     110,     218
367,     218,     777,     249,     132,     217
368,     537,    1026,     579,     628,     295
369,     537,    1026,     579,     628,     295
370,     537,    1026,     579,     628,     295
371,     537,    1026,     579,     628,     295
372,     537,    1026,     579,     628,     230
373,     537,    1026,     578,     628,     232
374,     537,    1026,     576,     628,     238
375,     537,    1026,     576,     628,     237
376,     223,     770,     264,     110,     241
377,     566,    1085,     585,     550,     143
378,     566,    1085,     585,     550,     143
379,     566,    1085,     585,     550,     143
380,     566,    1085,     585,     550,     143
381,     566,    1085,     585,     550,     143
382,     566,    1085,     585,     550,     143
383,     566,    1085,     585,     550,     143
384,     566,    1085,     585,     550,     143
385,     653,    1124,     653,     604,     503
386,     628,     690,     524,     638,     611
387,     528,     619,     436,     497,     492
388,     170,     350,      16,     268,     107
389,     199,     454,      94,     172,      28
390,     315,     586,     114,     141,      90
391,     274,     454,      78,      98,     282
392,     366,     454,     122,     172,      21
393,     653,    1125,     653,     587,     501
394,     274,     454,      59,      98,     110
395,     274,     454,     138,      45,      28
396,     199,     454,      98,     172,      28
397,     556,     640,     591,     484,     607
398,     510,    1102,     637,     630,     187
399,     510,    1102,     637,     630,     187
400,     510,    1102,     637,     630,     187
401,     510,    1101,     636,     630,     187
402,     510,    1102,     636,     630,     107
403,     510,    1102,     559,     630,     107
404,     510,    1101,     557,     630,     106
405,     510,    1102,     557,     630,     107
406,     274,     454,      76,      98,      28
407,     274,     454,      78,     172,     110
408,     274,     454,      76,      98,     119
409,     545,    1077,     490,     602,     190
410,     500,    1043,     453,     598,     202
411,     522,    1117,     567,     666,     239
412,     545,    1076,     490,     602,     190
413,     522,    1117,     567,     666,     239
414,     500,    1043,     453,     598,     202
415,     545,    1076,     490,     602,     190
416,     522,    1117,     567,     666,     239
417,     500,    1043,     453,     598,     202
418,     500,    1043,     453,     598,     202
419,     522,    1118,     567,     666,     239
420,     545,    1076,     490,     602,     190
421,     545,    1076,     490,     602,     110
422,     500,    1043,     453,     598,     122
423,     522,    1118,     567,     666,     159
424,     545,    1077,     445,     602,     110
425,     500,    1043,     407,     598,     122
426,     522,    1118,     443,     666,     160
427,     545,    1076,     439,     602,     109
428,     500,    1043,     402,     598,     122
429,     522,    1118,     441,     666,     159
430,     545,    1076,     446,     602,     110
431,     500,    1043,     401,     598,     122
432,     522,    1118,     441,     666,     159
433,     170,     350,      16,     268,     192
434,     137,     510,     235,     151,     150
435,      10,     320,       4,     212,      57
436,     548,     646,     698,     629,     704
437,     574,     665,     457,     495,     472
438,     316,     550,      89,     397,     230
439,     347,     503,     322,     498,     194
440,     445,     756,     421,     607,     500
441,      50,     337,     279,     121,     164
442,     315,     586,     114,     141,      90
443,     274,     454,     199,      98,     255
444,     302,     454,     199,      98,      96
445,     302,     454,      78,      98,     255
446,     501,    1070,     564,     554,     222
447,     501,    1070,     564,     554,     222
448,     501,    1070,     564,     554,     222
449,     501,    1070,     564,     554,     222
450,     501,    1070,     564,     554,     222
451,     501,    1070,     564,     554,     222
452,     501,    1070,     564,     554,     222
453,     501,    1070,     564,     554,     222
454,     520,     787,     495,     453,     474
455,     613,     706,     753,     658,     673
456,     555,    1100,     628,     522,     301
457,     530,    1066,     615,     573,     262
458,     542,    1062,     633,     419,     248
459,     530,    1066,     615,     573,     262
460,     530,    1066,     615,     573,     262
461,     530,    1066,     615,     573,     262
462,     530,    1066,     615,     573,     262
463,     530,    1066,     615,     573,     262
464,     530,    1066,     615,     573,     262
465,     555,    1100,     628,     522,     301
466,     555,    1100,     628,     522,     301
467,     555,    1100,     628,     522,     301
468,     555,    1100,     628,     522,     301
469,     555,    1100,     628,     522,     301
470,     542,    1062,     632,     419,     245
471,     542,    1062,     632,     419,     245
472,     542,    1062,     632,     419,     245
473,     542,    1062,     632,     419,     245
474,     542,    1062,     632,     419,     245
475,     542,    1062,     632,     419,     245
476,     542,    1062,     632,     419,     245
477,     555,    1100,     628,     522,     301
478,     530,    1066,     615,     573,     262
479,     555,    1100,     628,     522,     301
480,     537,    1026,     579,     628,     295
481,     537,    1026,     579,     628,     295
482,     537,    1026,     579,     628,     295
483,     537,    1026,     579,     628,     295
484,     182,     510,     147,     183,      75
485,     153,     510,      56,     151,      14
486,     168,     510,     119,     151,      59
487,     137,     510,     182,     126,      75
488,     142,     510,     118,     183,      14
489,     182,     510,     151,     183,      75
490,     142,     510,     119,     151,      58
491,     439,    1121,     544,     574,      83
492,     439,    1121,     544,     574,      83
493,     439,    1120,     544,     574,      83
494,     439,    1120,     544,     574,      83
495,     439,    1120,     544,     574,       3
496,     439,    1121,     408,     574,       3
497,     439,    1120,     408,     574,       3
498,     439,    1120,     408,     574,       3
499,     177,     279,       4,      86,      24
500,     212,     806,     314,     165,     277
501,     212,     803,     314,     170,     284
502,     212,     808,     285,     170,     256
503,     302,     454,     208,      98,      96
504,     302,     454,     122,      98,     255
505,     302,     454,     208,      98,     170
506,     212,     806,     285,     165,     305
507,     212,     803,     314,     165,     256
508,     212,     803,     314,     165,     256
509,     276,     800,     285,     165,     284
510,     212,     803,     285,     165,     284
511,     212,     803,     285,     170,     260
512,     274,     454,      78,      98,     255
513,     199,     454,      79,     172,     189
514,     302,     454,      78,      98,     299
515,     302,     454,      78,      98,      94
516,     274,     454,      78,      98,     255
517,     274,     454,      78,      98,     255
518,     274,     454,      78,      98,     255
519,     274,     454,      78,      98,      98
520,     274,     454,     208,      98,     110
521,     478,    1063,     509,     546,     329
522,     478,    1063,     509,     546,     329
523,     478,    1064,     509,     546,     329
524,     478,    1064,     509,     546,     329
525,     478,    1063,     509,     546,     259
526,     478,    1064,     399,     546,     259
527,     478,    1063,     399,     546,     258
528,     478,    1063,     399,     546,     258
529,     276,     808,     285,     165,     256
530,     212,     803,     285,     170,     284
531,     212,     803,     314,     165,     277
532,     272,     806,     285,     165,     277
533,     272,     806,     314,     165,     277
534,     212,     803,     285,     165,     305
535,     198,     350,      16,     298,      12
536,     245,     350,      83,     298,      12
537,     168,     340,      17,     394,      22
538,     245,     334,      72,     237,      59
539,     215,     334,      72,     237,      59
540,     245,     334,      72,     237,      12
541,     245,     334,      73,     238,      59
542,     168,     266,      72,     236,      61
543,     221,     206,      72,     163,      12
544,     216,     226,      72,     167,      12
545,     186,     212,      73,     153,      59
546,     197,     219,      72,     206,      59
547,     106,     158,      72,     104,      12
548,     129,     157,      72,     128,      12
549,       7,      87,      71,       1,       6
550,     170,     510,     103,     183,     252
551,     148,     510,     118,     151,     150
552,     148,     510,     118,     151,     150
553,     137,     510,     118,     151,     150
554,     274,     454,     208,     172,     255
555,     109,     515,      91,     198,     234
556,     137,     515,      91,     198,     234
557,     109,     515,      76,     198,     234
558,     109,     515,      91,     198,     234
559,     109,     515,      91,     198,     234
560,     137,     515,      91,     198,     234
561,     109,     515,      91,     198,     234
562,     109,     515,      91,     198,      37
563,     137,     515,      91,     198,      32
564,      33,     515,      37,     213,      50
565,     109,     515,     234,     171,      90
566,      33,     515,     220,     213,      92
567,      33,     515,     234,     213,      90
568,      33,     515,      68,     213,      13
569,     137,     515,      25,     198,      40
570,     510,    1102,     637,     630,     187
571,     510,    1102,     637,     630,     187
572,     510,    1102,     637,     630,     187
573,     468,    1078,     548,     510,     156
574,     468,    1078,     548,     510,     156
575,     468,    1078,     548,     510,     156
576,     468,    1078,     548,     510,     156
577,     468,    1078,     548,     510,     156
578,     468,    1078,     548,     510,     156
579,     468,    1078,     548,     510,     156
580,     468,    1078,     548,     510,     156
581,     316,     550,     455,     397,     131
582,     560,    1060,     645,     623,     174
583,     560,    1060,     636,     623,     158
584,     560,    1060,     636,     623,     175
585,     560,    1060,     636,     623,     193
586,     560,    1060,     647,     623,     185
587,     560,    1060,     523,     623,     206
588,     560,    1060,     522,     623,     187
589,     560,    1060,     524,     623,     175
590,     135,     288,      52,      96,      28
591,     160,     288,      52,      75,      63
592,     135,     288,      52,      96,      28
593,     136,     273,      52,      88,      35
594,     400,     273,      52,      82,      35
595,     136,     273,      52,      82,      28
596,     395,     273,      52,      82,      68
597,     177,     255,      52,      88,      20
598,     136,     218,      52,      82,      28
599,     136,     216,      52,      82,      35
600,     194,     215,      81,      82,      35
601,     173,     225,      52,      82,      68
602,      81,     149,      52,      82,      81
603,     108,     165,      52,      82,      81
604,       2,      86,      52,       7,      18
605,     297,     510,     103,     151,     150
606,     250,     510,     235,     151,     150
607,     250,     510,     118,     151,      81
608,     604,    1113,     434,     652,     245
609,     604,    1113,     434,     652,     245
610,     604,    1112,     434,     652,     245
611,     166,     510,     235,     151,     150
612,     182,     510,      65,     183,      81
613,     138,     510,     118,     151,     150
614,     138,     510,     118,     151,     150
615,     164,     510,     118,     151,     150
616,     148,     510,     118,     151,     150
617,     173,     510,     118,     151,     150
618,     173,     510,     118,     151,     148
619,     137,     510,     235,     151,      21
620,     347,     727,     378,     368,     194
621,     200,     510,     235,     183,     150
622,     630,    1073,     401,     633,     207
623,     630,    1073,     401,     633,     207
624,     630,    1074,     401,     633,     207
625,     243,     724,      89,     481,     233
626,     483,    1059,     629,     574,     193
627,     483,    1059,     642,     574,     174
628,     483,    1059,     641,     574,     153
629,     483,    1059,     638,     574,     174
630,     483,    1059,     639,     574,     167
631,     483,    1059,     542,     574,     185
632,     483,    1059,     540,     574,     175
633,     483,    1059,     540,     574,     199
634,     468,    1049,     560,     482,     112
635,     468,    1049,     560,     482,     112
636,     468,    1049,     560,     482,     112
637,     468,    1049,     560,     482,     112
638,     468,    1049,     560,     482,     112
639,     468,    1049,     560,     482,     112
640,     468,    1049,     560,     482,     112
641,     468,    1049,     560,     482,     112
642,     630,    1073,     401,     633,     207
643,     630,    1073,     401,     633,     207
644,     630,    1074,     401,     633,     207
645,     630,    1073,     401,     633,     207
646,     630,    1073,     401,     633,     127
647,     630,    1074,     356,     633,     128
648,     630,    1074,     358,     633,     127
649,     630,    1073,     349,     633,     127
650,     545,    1077,     490,     602,     190
651,     500,    1043,     453,     598,     202
652,     522,    1117,     567,     666,     239
653,     545,    1076,     490,     602,     190
654,     522,    1117,     567,     666,     239
655,     500,    1043,     453,     598,     202
656,     545,    1076,     490,     602,     190
657,     522,    1117,     567,     666,     239
658,     500,    1043,     453,     598,     202
659,     467,    1042,     691,     557,     191
660,     442,    1003,     644,     581,     165
661,     467,    1042,     676,     557,     172
662,     442,    1003,     644,     581,     146
663,     467,    1042,     676,     557,     193
664,     442,    1003,     644,     581,     167
665,     442,    1003,     644,     581,     165
666,     467,    1042,     692,     557,     192
667,     467,    1042,     676,     557,     117
668,     442,    1003,     644,     581,      91
669,     467,    1042,     557,     557,     118
670,     442,    1003,     508,     581,      91
671,     442,    1003,     508,     581,      91
672,     467,    1042,     557,     557,     117
673,     467,    1042,     557,     557,     117
674,     442,    1003,     508,     581,      91
675,     568,    1048,     607,     620,     264
676,     568,    1048,     612,     620,     232
677,     568,    1048,     612,     620,     228
678,     568,    1048,     609,     620,     249
679,     568,    1048,     610,     620,     190
680,     568,    1048,     541,     620,     191
681,     568,    1048,     541,     620,     190
682,     568,    1048,     539,     620,     190
683,      50,     337,      67,     121,      71
684,     483,    1059,     629,     574,     193
685,     483,    1059,     642,     574,     174
686,     483,    1059,     641,     574,     153
687,     439,    1121,     544,     574,      83
688,     439,    1121,     544,     574,      83
689,     439,    1120,     544,     574,      83
690,     622,    1062,     434,     574,     236
691,     622,    1061,     434,     574,     236
692,     622,    1062,     434,     574,     236
693,     604,    1113,     434,     652,     245
694,     604,    1113,     434,     652,     245
695,     604,    1112,     434,     652,     245
696,     604,    1112,     434,     652,     245
697,     604,    1113,     434,     652,     179
698,     604,    1112,     380,     652,     180
699,     604,    1112,     380,     652,     179
700,     604,    1112,     380,     652,     179
701,     560,    1060,     645,     623,     174
702,     560,    1060,     636,     623,     158
703,     560,    1060,     636,     623,     175
704,     478,    1063,     509,     546,     329
705,     478,    1063,     509,     546,     329
706,     478,    1064,     509,     546,     329
707,      44,     592,     196,     264,      89
708,     467,    1042,     676,     557,     172
709,     442,    1003,     644,     581,     146
710,     467,    1042,     691,     557,     191
711,     442,    1003,     644,     581,     165
712,     467,    1042,     676,     557,     193
713,     442,    1003,     644,     581,     167
714,     618,     661,     565,     635,     623
715,     539,    1045,     616,     440,     154
716,     539,    1045,     616,     440,     154
717,     539,    1045,     616,     440,     154
718,     539,    1045,     616,     440,     154
719,     539,    1045,     616,     440,     154
720,     539,    1045,     616,     440,     154
721,     539,    1045,     616,     440,     154
722,     539,    1045,     616,     440,     154
723,     566,    1085,     585,     550,     143
724,     591,    1032,     691,     497,     194
725,     591,    1032,     690,     497,     194
726,     591,    1032,     690,     497,     194
727,     591,    1032,     690,     497,     194
728,     591,    1032,     690,     497,     194
729,     591,    1032,     690,     497,     194
730,     591,    1032,     690,     497,     194
731,     591,    1032,     690,     497,     194
732,     490,    1072,     560,     495,     216
733,     490,    1072,     560,     495,     216
734,     490,    1072,     560,     495,     216
735,     490,    1072,     560,     495,     216
736,     490,    1072,     560,     495,     216
737,     490,    1072,     560,     495,     216
738,     490,    1072,     560,     495,     216
739,     490,    1072,     560,     495,     216
740,     483,    1027,     594,     580,     222
741,     483,    1027,     594,     580,     232
742,     483,    1027,     594,     580,     222
743,     483,    1027,     593,     580,     252
744,     483,    1027,     594,     580,     198
745,     483,    1027,     457,     580,     199
746,     483,    1027,     457,     580,     198
747,     483,    1027,     455,     580,     199
748,     572,    1127,     647,     573,     247
749,     572,    1127,     647,     573,     247
750,     572,    1127,     647,     573,     247
751,     572,    1127,     647,     573,     247
752,     572,    1127,     647,     573,     247
753,     572,    1127,     647,     573,     247
754,     572,    1127,     647,     573,     247
755,     572,    1127,     647,     573,     247
756,     622,    1062,     434,     574,     236
757,     622,    1061,     434,     574,     236
758,     622,    1062,     434,     574,     236
759,     622,    1062,     434,     574,     236
760,     622,    1061,     434,     574,     156
761,     622,    1062,     380,     574,     156
762,     622,    1062,     380,     574,     156
763,     622,    1061,     378,     574,     156
764,     170,     350,      16,     268,     192
765,     501,    1070,     564,     554,     222
766,     501,    1070,     564,     554,     222
767,     501,    1070,     564,     554,     222
768,     501,    1070,     564,     554,     222
769,     501,    1070,     564,     554,     222
770,     501,    1070,     564,     554,     222
771,     501,    1070,     564,     554,     222
772,     483,    1027,     594,     580,     222
773,     483,    1027,     594,     580,     232
774,     483,    1027,     594,     580,     222
775,     568,    1048,     607,     620,     264
776,     568,    1048,     612,     620,     232
777,     568,    1048,     612,     620,     228
778,     316,     543,      34,     397,     131
779,     566,    1085,     585,     550,     143
780,     566,    1085,     585,     550,     143
781,     566,    1085,     585,     550,     143
782,     566,    1085,     585,     550,     143
783,     566,    1085,     585,     550,     143
784,     566,    1085,     585,     550,     143
785,     566,    1085,     585,     550,     143
786,     109,     337,      37,     224,     140
787,     674,     723,     559,     562,     601
788,     561,    1121,     668,     567,     271
789,     561,    1121,     668,     567,     271
790,     561,    1121,     668,     567,     271
791,     561,    1121,     630,     567,     271
792,     561,    1121,     668,     567,     271
793,     561,    1121,     668,     567,     271
794,     561,    1121,     668,     567,     271
795,     561,    1121,     668,     567,     271
796,     315,     586,     114,     141,     176
797,     456,    1069,     560,     437,     116
798,     456,    1069,     560,     437,     116
799,     456,    1069,     560,     437,     116
800,     456,    1069,     560,     437,     116
801,     456,    1069,     560,     437,     116
802,     456,    1069,     560,     437,     116
803,     456,    1069,     560,     437,     116
804,     456,    1069,     560,     437,     116
805,     363,     689,     250,     436,     145
806,     135,     288,      60,      96,      59
807,     501,    1070,     564,     554,     222
808,     561,    1121,     668,     567,     271
809,     561,    1121,     668,     567,     271
810,     561,    1121,     630,     567,     271
811,     561,    1121,     668,     567,     271
812,     561,    1121,     668,     567,     271
813,     561,    1121,     668,     567,     271
814,     561,    1121,     668,     567,     271
815,     572,    1127,     647,     573,     247
816,     530,    1066,     615,     573,     262
817,     530,    1066,     615,     573,     262
818,     530,    1066,     615,     573,     262
819,     530,    1066,     615,     573,     262
820,     530,    1066,     615,     573,     262
821,     530,    1066,     615,     573,     262
822,     555,    1100,     628,     522,     301
823,     555,    1100,     628,     522,     301
824,     555,    1100,     628,     522,     301
825,     555,    1100,     628,     522,     301
826,     555,    1100,     628,     522,     301
827,     542,    1062,     632,     419,     245
828,     542,    1062,     632,     419,     245
829,     542,    1062,     632,     419,     245
830,     542,    1062,     632,     419,     245
831,     542,    1062,     632,     419,     245
832,     542,    1062,     632,     419,     245
833,     542,    1062,     632,     419,     245
834,     555,    1100,     628,     522,     301
835,     530,    1066,     615,     573,     262
836,     555,    1100,     628,     522,     301
837,     191,     490,     284,     427,     232
838,     591,    1032,     690,     497,     194
839,     591,    1032,     690,     497,     194
840,     591,    1032,     690,     497,     194
841,     591,    1032,     690,     497,     194
842,     591,    1032,     690,     497,     194
843,     591,    1032,     690,     497,     194
844,     591,    1032,     690,     497,     194
845,     468,    1078,     548,     510,     156
846,     468,    1078,     548,     510,     156
847,     468,    1078,     548,     510,     156
848,     468,    1078,     548,     510,     156
849,     468,    1078,     548,     510,     156
850,     468,    1078,     548,     510,     156
851,     468,    1078,     548,     510,     156
852,     591,    1032,     691,     497,     194
853,      44,     592,     196,     264,      89
854,     572,    1127,     647,     573,     247
855,     572,    1127,     647,     573,     247
856,     572,    1127,     647,     573,     247
857,     572,    1127,     647,     573,     247
858,     572,    1127,     647,     573,     247
859,     572,    1127,     647,     573,     247
860,     572,    1127,     647,     573,     247
861,     561,    1121,     668,     567,     271
862,     243,     514,      34,     481,     131
863,     109,     515,      91,     213,     234
864,     137,     515,      91,     198,     234
865,     137,     515,      91,     198,     234
866,     109,     515,      91,     198,     234
867,     109,     515,      91,     198,     234
868,     264,     515,      76,     213,     178
869,     137,     515,      91,     198,     234
870,     109,     515,      91,     198,     378
871,     109,     515,      29,     198,      32
872,     109,     515,     196,     198,      41
873,      33,     515,     216,     213,      90
874,     109,     515,      91,     213,      32
875,     137,     515,     196,     198,      41
876,     109,     515,     195,     198,      41
877,      33,     676,      76,     213,      92
878,     555,    1100,     628,     522,     301
879,     530,    1066,     615,     573,     262
880,     542,    1062,     633,     419,     248
881,     468,    1078,     548,     510,     156
882,     468,    1049,     560,     482,     112
883,     456,    1069,     560,     437,     116
884,     456,    1069,     560,     437,     116
885,     456,    1069,     560,     437,     116
886,     456,    1069,     560,     437,     116
887,     456,    1069,     560,     437,     116
888,     456,    1069,     560,     437,     116
889,     456,    1069,     560,     437,     116
890,     490,    1072,     560,     495,     216
891,     490,    1072,     560,     495,     216
892,     490,    1072,     560,     495,     216
893,     490,    1072,     560,     495,     216
894,     490,    1072,     560,     495,     216
895,     490,    1072,     560,     495,     216
896,     490,    1072,     560,     495,     216
897,     398,    1011,     528,     481,     116
898,     398,    1011,     528,     481,     116
899,     398,    1011,     528,     481,     116
900,     398,    1011,     528,     481,     116
901,     398,    1011,     528,     481,     116
902,     398,    1011,     528,     481,     116
903,     398,    1011,     528,     481,     116
904,     316,     731,      89,     397,     233
905,     539,    1045,     616,     440,     154
906,     539,    1045,     616,     440,     154
907,     539,    1045,     616,     440,     154
908,     539,    1045,     616,     440,     154
909,     539,    1045,     616,     440,     154
910,     539,    1045,     616,     440,     154
911,     539,    1045,     616,     440,     154
912,     305,     403,     239,     162,      47
913,     468,    1049,     560,     482,     112
914,     468,    1049,     560,     482,     112
915,     468,    1049,     560,     482,     112
916,     468,    1049,     560,     482,     112
917,     468,    1049,     560,     482,     112
918,     468,    1049,     560,     482,     112
919,     468,    1049,     560,     482,     112
920,     398,    1011,     528,     481,     116
921,     398,    1011,     528,     481,     116
922,     398,    1011,     528,     481,     116
923,     398,    1011,     528,     481,     116
924,     398,    1011,     528,     481,     116
925,     398,    1011,     528,     481,     116
926,     398,    1011,     528,     481,     116
927,     398,    1011,     528,     481,     116
928,     398,    1011,     528,     481,     116
929,      44,     592,     196,     264,     150
930,     456,    1069,     560,     437,     116
931,     468,    1024,     542,     434,     148
932,     458,    1020,     528,     488,      62
933,     458,    1020,     528,     488,      62
934,     458,    1020,     528,     488,      62
935,     458,    1020,     528,     488,      62
936,     458,    1020,     528,     488,      62
937,     458,    1020,     528,     488,      62
938,     468,    1024,     542,     434,     148
939,     468,    1024,     542,     434,     148
940,     468,    1024,     542,     434,     148
941,     468,    1024,     542,     434,     148
942,     468,    1024,     542,     434,     148
943,     468,    1024,     542,     434,     148
944,     468,    1024,     542,     434,     148
945,     458,    1020,     528,     488,      62
946,     458,    1020,     528,     488,      62
947,     490,    1072,     560,     495,     216
948,     468,    1024,     542,     434,     148
949,     458,    1020,     528,     488,      62
950,      50,     337,      67,     121,     187
951,     191,     490,     284,     427,     232
952,     191,     490,     284,     427,     232
953,     191,     490,     284,     427,     232
954,     191,     490,     284,     427,     232
955,     191,     490,     284,     427,     232
956,     191,     490,     284,     427,     232
957,     191,     490,     284,     427,     232
958,     191,     490,     284,     427,     232
959,     191,     490,     284,     427,     232
960,     464,     694,     564,     350,     500
961,     191,     490,     284,     427,     232
962,     464,     694,     564,     350,     500
963,     191,     490,     284,     427,     232
964,     191,     490,     284,     427,     232
965,     191,     490,     284,     427,     232
966,     539,    1045,     616,     440,     154
967,      56,     610,     181,     270,      82
968,     302,     454,     208,      98,      96
969,     274,     454,     199,      98,     255
970,     302,     454,     199,      98,      96
971,     274,     454,      78,      98,     282
972,     302,     454,      78,      98,      94
973,     274,     454,      78,      98,     255
974,     274,     454,      78,      98,     255
975,     302,     454,     208,      98,     170
976,     274,     454,     208,      98,     110
977,     199,     454,      79,     172,     189
978,     274,     454,     138,      45,      28
979,     199,     454,      98,     172,      28
980,     199,     454,     138,     172,     190
981,     199,     454,      45,     172,      92
982,     302,     454,      77,      98,     119
983,     458,    1020,     528,     488,      62
984,     458,    1020,     528,     488,      62
985,     458,    1020,     528,     488,      62
986,     458,    1020,     528,     488,      62
987,     458,    1020,     528,     488,      62
988,     468,    1024,     542,     434,     148
989,     468,    1024,     542,     434,     148
990,     468,    1024,     542,     434,     148
991,     468,    1024,     542,     434,     148
992,     468,    1024,     542,     434,     148
993,     468,    1024,     542,     434,     148
994,     468,    1024,     542,     434,     148
995,     458,    1020,     528,     488,      62
996,     458,    1020,     528,     488,      62
997,     170,     350,      16,     268,     192
998,     207,     408,     174,     162,     167
999,     263,     726,     268,     514,     524
1000,     363,     689,     250,     436,     145
1001,     263,     491,     268,     514,     367
1002,     363,     516,     250,     311,     145
1003,     363,     487,     250,     303,     336
1004,     363,     530,     250,     436,     396
1005,     263,     485,     250,     303,     145
1006,     363,     500,     250,     436,     145
1007,     363,     465,     250,     436,     145
1008,     253,     415,     210,     302,     145
1009,     307,     410,     140,     288,     138
1010,     211,     391,     158,     237,     138
1011,     215,     385,     141,     216,     138
1012,     197,     352,     147,     241,     138
1013,     159,     319,     161,     157,     101
1014,     124,     292,     109,     112,      78
1015,      57,     259,       5,      33,       4
1016,      50,     337,      67,     224,      71
1017,     363,     719,     268,     436,     524
1018,     315,     586,     114,     141,      90
1019,     200,     510,     235,     183,     150
1020,     138,     510,     118,     151,     150
1021,     164,     510,     118,     151,     150
1022,     173,     510,     118,     151,     150
1023,     297,     510,     103,     151,     150
1024,     148,     510,     118,     151,     150
1025,     148,     510,     118,     151,     150
1026,     173,     510,     118,     151,     148
1027,     153,     510,      56,     151,      14
1028,     168,     510,     119,     151,      59
1029,     137,     510,     182,     126,      75
1030,     142,     510,     118,     183,      14
1031,     142,     510,     119,     151,      58
1032,     262,     510,     119,     151,      59
1033,     250,     510,     119,     151,      59
1034,     244,     344,      77,     219,     121
1035,     244,     344,      77,     219,     121
1036,     244,     344,      77,     219,     121
1037,     244,     344,      77,     219,     121
1038,     244,     344,      77,     219,     121
1039,     233,     344,     135,     221,     121
1040,     244,     344,      77,     219,     121
1041,     170,     344,     135,     268,     192
1042,     170,     344,     135,     268,     192
1043,     170,     344,     135,     268,     107
1044,     170,     344,     135,     268,     192
1045,     244,     344,      77,     268,     109
1046,     152,     318,     114,     284,     176
1047,     170,     350,      16,     268,     192
1048,     170,     350,      16,     268,     192
1049,     206,     579,      71,     170,     108
1050,     582,    1162,     548,     621,     352
1051,     582,    1162,     546,     621,     352
1052,     582,    1162,     552,     621,     352
1053,     582,    1162,     548,     621,     409
1054,     582,    1162,     548,     621,     409
1055,     582,    1162,     548,     621,     409
1056,     582,    1162,     546,     601,     348
1057,     582,    1162,     548,     621,     409
1058,      50,     337,     279,     121,      82
1059,      50,     337,     279,     120,      82
1060,      50,     337,     279,     120,      82
1061,      50,     337,      75,     120,      82
1062,      50,     337,      97,     120,      82
1063,      50,     337,     279,     120,      82
1064,      50,     337,      75,     120,      82
1065,      50,     337,      75,     120,      82
1066,      50,     337,     279,     120,     187
1067,     109,     337,      37,     224,     140
1068,      50,     337,      67,     121,      71
1069,      50,     337,     279,     121,     187
1070,      50,     337,      97,     121,     187
1071,     109,     337,      37,     224,     140
1072,      50,     337,      67,     121,     187
1073,      50,     337,      67,     121,      71
1074,     394,     700,      48,     368,      92
1075,     233,     344,     152,     221,     121
1076,      44,     592,     102,     264,      89
1077,     704,     810,     646,     879,     688
1078,     207,     408,     174,     162,     103
1079,     280,     430,     220,     273,     236
1080,     305,     604,     146,     146,      88
1081,     206,     579,      71,     170,     108
1082,      44,     592,     102,     264,     150
1083,     668,    1168,     500,     651,     310
1084,     668,    1168,     492,     685,     284
1085,     668,    1168,     608,     685,     284
1086,     668,    1168,     608,     685,     336
1087,     668,    1168,     608,     685,     336
1088,     668,    1168,     608,     685,     336
1089,     668,    1168,     608,     685,     336
1090,     668,    1168,     501,     685,     284
1091,     771,    1231,     378,     702,     383
1092,     676,    1168,     394,     636,     378
1093,     689,    1181,     399,     619,     445
1094,     689,    1181,     511,     680,     444
1095,     689,    1181,     398,     680,     408
1096,     689,    1181,     511,     680,     407
1097,     689,    1181,     511,     680,     447
1098,     689,    1181,     511,     680,     447
1099,     676,    1168,     383,     688,     368
1100,     676,    1168,     502,     688,     368
1101,     676,    1168,     502,     688,     396
1102,     676,    1168,     502,     688,     396
1103,     676,    1168,     502,     688,     396
1104,     771,    1231,     390,     785,     320
1105,     771,    1231,     493,     785,     320
1106,     771,    1231,     493,     785,     394
1107,     771,    1231,     493,     785,     394
1108,     771,    1231,     493,     785,     398
1109,     689,    1181,     388,     680,     409
1110,     771,    1231,     387,     785,     320
1111,     771,    1231,     493,     785,     398
1112,     676,    1168,     502,     688,     396
1113,     676,    1168,     374,     688,     366
1114,     689,    1181,     511,     680,     444
1115,      50,     337,      67,     121,      71
1116,     191,     490,     284,     427,     232
1117,     191,     490,     284,     427,     232
1118,     191,     490,     284,     427,     232
1119,     191,     490,     284,     427,     232
1120,     191,     490,     284,     427,     232
1121,     191,     490,     284,     427,     232
1122,     191,     490,     284,     427,     232
1123,     191,     490,     284,     427,     232
1124,     464,     694,     564,     350,     500
1125,     464,     694,     564,     350,     500
1126,     191,     490,     284,     427,     232
1127,     464,     694,     564,     350,     500
1128,     191,     490,     284,     427,     232
1129,     464,     694,     564,     350,     500
1130,     464,     694,     564,     350,     500
1131,     170,     350,      16,     268,     192
1132,     167,     631,     184,     277,      12
1133,     167,     631,     237,     277,      12
1134,     167,     631,     184,     277,      12
1135,     167,     597,     237,     277,      12
1136,     167,     597,     184,     277,      12
1137,     167,     597,     184,     277,      12
1138,     167,     597,     237,     277,      12
1139,     214,     577,     485,     393,      24
1140,     167,     597,     184,     277,      12
1141,     167,     597,     184,     277,      12
1142,     214,     597,     219,     393,      24
1143,     167,     631,     237,     277,      12
1144,     167,     597,     237,     277,      12
1145,     167,     597,     237,     277,      12
1146,     214,     597,     219,     393,      24
1147,     274,     454,     208,     172,     255
1148,     302,     454,      78,      98,     299
1149,     366,     454,     122,     172,      21
1150,     274,     454,      78,      98,     255
1151,     302,     454,      78,      98,     255
1152,     302,     454,     122,      98,     255
1153,     274,     454,      78,      98,     255
1154,     274,     454,      78,      98,      98
1155,     274,     454,      59,      98,     110
1156,     274,     454,      76,      98,      28
1157,     199,     454,      94,     172,      28
1158,     274,     454,      78,     172,     110
1159,     274,     454,      76,      98,     119
1160,     274,     454,      76,      98,      28
1161,     199,     668,     122,     172,      28
1162,     879,    1278,     856,     977,     610
1163,     162,     485,     177,     334,     124
1164,     315,     586,     114,     141,     176
1165,     739,    1224,     350,     726,     310
1166,     739,    1224,     359,     756,     349
1167,     739,    1224,     515,     756,     349
1168,     739,    1224,     515,     756,     429
1169,     739,    1224,     515,     756,     429
1170,     739,    1224,     515,     756,     429
1171,     739,    1224,     363,     756,     349
1172,     739,    1224,     515,     756,     429
1173,     109,     337,      37,     224,     140
1174,     893,    1318,     964,     860,     644
1175,     207,     408,     174,     162,     103
1176,     280,     430,     220,     273,     236
1177,     280,     430,     220,     273,     236
1178,     280,     430,     220,     273,     236
1179,     280,     430,     220,     273,     236
1180,     280,     430,     220,     273,     236
1181,     280,     430,     220,     273,     236
1182,     280,     430,     220,     273,     236
1183,     280,     430,     220,     273,     236
1184,     280,     430,     220,     273,     236
1185,     553,     634,     499,     257,     503
1186,     553,     634,     499,     257,     503
1187,     280,     430,     220,     273,     236
1188,     280,     430,     220,     273,     236
1189,     280,     430,     220,     273,     236
1190,     280,     430,     220,     273,     236
1191,     206,     579,      71,     170,     108
1192,      56,     610,      84,     264,      82
1193,     697,    1202,     426,     672,     370
1194,     697,    1202,     581,     672,     364
1195,     697,    1202,     581,     672,     364
1196,     697,    1202,     581,     672,     390
1197,     697,    1202,     581,     672,     377
1198,     697,    1202,     581,     672,     370
1199,     697,    1202,     426,     672,     370
1200,     697,    1202,     419,     690,     332
1201,     263,     726,     268,     514,     524
1202,     138,     510,     118,     151,     150
1203,     166,     510,     235,     151,     150
1204,     148,     510,     118,     151,     150
1205,     250,     510,     235,     151,     150
1206,     170,     510,     103,     183,     252
1207,     137,     510,     235,     151,     150
1208,     137,     510,     118,     151,     150
1209,     250,     510,     118,     151,      81
1210,     137,     510,     235,     151,      21
1211,     182,     510,      65,     183,      81
1212,     182,     510,     147,     183,      75
1213,     182,     510,     151,     183,      75
1214,     182,     510,     182,     183,      75
1215,     182,     510,      87,     183,      53
1216,     182,     654,     103,     183,      75
1217,      50,     337,      97,     120,      82
1218,      50,     337,      75,     120,      82
1219,      50,     337,      97,     120,      82
1220,      50,     337,      75,     121,      82
1221,     109,     337,      44,     120,     140
1222,     109,     337,      44,     120,     140
1223,      50,     337,      97,     120,      82
1224,      50,     337,      75,     121,      82
1225,      50,     337,      67,     120,     187
1226,      50,     337,      97,     120,     187
1227,      50,     337,      97,     121,     187
1228,      50,     337,      97,     121,      71
1229,      50,     337,      67,     121,      71
1230,      50,     337,      67,     224,      71
1231,      50,     337,     279,     121,     164
1232,     109,     337,      44,     230,     140
1233,      50,     337,      67,     120,     187
1234,      50,     337,      67,     121,      71
1235,      50,     337,     279,     121,     187
1236,     675,     925,     719,     826,     664
1237,     683,     925,     718,     856,     664
1238,     379,     728,     378,     368,     194
1239,     233,     344,     152,     221,     121
1240,     233,     344,     152,     221,     121
1241,     233,     344,     152,     221,     121
1242,     779,     938,     804,     844,     777
1243,     727,    1215,     355,     708,     341
1244,     727,    1215,     344,     704,     271
1245,     727,    1215,     340,     704,     269
1246,     727,    1215,     467,     704,     333
1247,     727,    1215,     467,     704,     333
1248,     727,    1215,     467,     704,     333
1249,     727,    1215,     467,     704,     269
1250,     727,    1215,     467,     704,     333
1251,     704,     810,     646,     879,     688
1252,     582,    1162,     546,     601,     348
1253,     759,    1235,     364,     722,     288
1254,     759,    1235,     334,     736,     326
1255,     759,    1235,     345,     736,     326
1256,     759,    1235,     422,     736,     326
1257,     759,    1235,     422,     736,     383
1258,     759,    1235,     422,     736,     383
1259,     759,    1235,     422,     736,     383
1260,     759,    1235,     422,     736,     383
1261,     627,    1088,     552,     527,     415
1262,     796,    1239,     383,     726,     272
1263,     796,    1239,     488,     800,     311
1264,     796,    1239,     388,     800,     311
1265,     796,    1239,     488,     800,     391
1266,     796,    1239,     488,     800,     391
1267,     796,    1239,     488,     800,     391
1268,     796,    1239,     488,     800,     391
1269,     796,    1239,     388,     800,     311
1270,     640,    1092,     570,     507,     337
1271,      50,     337,     279,     120,      82
1272,      50,     337,      75,     121,      82
1273,      50,     337,      97,     120,      82
1274,      50,     337,      75,     120,      82
1275,      50,     337,      75,     120,      82
1276,      50,     337,      75,     121,      82
1277,      50,     337,     279,     120,      82
1278,     244,     344,      77,     219,     121
1279,     244,     344,      77,     219,     121
1280,     233,     344,     135,     221,     121
1281,     233,     344,     152,     221,     121
1282,     233,     344,     152,     221,     121
1283,     170,     344,     135,     268,     107
1284,     170,     344,     135,     268,     192
1285,     244,     344,      77,     268,     121
1286,     170,     350,      16,     268,     192
1287,     170,     350,      16,     268,     192
1288,     170,     350,      16,     268,     192
1289,     170,     350,      16,     268,     192
1290,     170,     350,      16,     268,     107
1291,     697,    1190,     420,     702,     332
1292,     697,    1190,     582,     684,     370
1293,     697,    1190,     582,     684,     413
1294,     697,    1190,     582,     684,     396
1295,     697,    1190,     582,     684,     396
1296,     697,    1190,     582,     684,     385
1297,     697,    1190,     425,     684,     371
1298,     697,    1190,     434,     684,     371
1299,      44,     592,     102,     264,     150
1300,     347,     712,     665,     498,     194
1301,     162,     485,     177,     334,     124
1302,     162,     485,     177,     334,     124
1303,     162,     485,     177,     334,     124
1304,     162,     485,     177,     334,     124
1305,     162,     485,     177,     334,     124
1306,     162,     485,     177,     334,     124
1307,     162,     485,     177,     334,     124
1308,     162,     485,     177,     334,     124
1309,     162,     485,     177,     334,     124
1310,     328,     689,     456,     263,     391
1311,     328,     689,     456,     263,     391
1312,     328,     689,     456,     263,     391
1313,     328,     689,     456,     263,     391
1314,     162,     485,     177,     334,     124
1315,     162,     485,     177,     334,     124
1316,     394,     700,      48,     368,      92
1317,     347,     727,     378,     368,     194
1318,     400,     703,      48,     388,      92
1319,     347,     497,     322,     386,      92
1320,     420,     423,      48,     368,      92
1321,     347,     383,     322,     386,      92
1322,     364,     362,      48,     368,      92
1323,     330,     322,      48,     368,      92
1324,     257,     274,      48,     298,      92
1325,     256,     255,     184,     302,      92
1326,     274,     260,      48,     272,     170
1327,     201,     241,      48,     218,     170
1328,     184,     217,      70,     212,     170
1329,     136,     206,      70,     238,     156
1330,      60,     172,     124,     149,     104
1331,      63,     146,     123,      88,      65
1332,      42,     113,      10,      32,      12
1333,     683,    1071,     543,     504,     425
1334,     668,    1168,     492,     685,     284
1335,     668,    1168,     608,     685,     284
1336,     668,    1168,     608,     685,     336
1337,     668,    1168,     608,     685,     336
1338,     668,    1168,     608,     685,     336
1339,     668,    1168,     608,     685,     336
1340,     668,    1168,     501,     685,     284
1341,     305,     403,     256,     214,     362
1342,     305,     403,     256,     215,     362
1343,     305,     403,     256,     215,     362
1344,     207,     403,     198,     215,     320
1345,     312,     403,     256,     215,     362
1346,     305,     403,     256,     215,     235
1347,     305,     403,     256,     215,     362
1348,     207,     403,     198,     215,     320
1349,     305,     403,     256,     214,     229
1350,     207,     408,     174,     162,     103
1351,     312,     403,     256,     215,      47
1352,     305,     403,     256,     215,      47
1353,     207,     408,     174,     162,     103
1354,     207,     408,     193,     162,     103
1355,     305,     403,     239,     162,      47
1356,     207,     408,     174,     162,     103
1357,      56,     610,      84,     264,     146
1358,      56,     610,     181,     264,      82
1359,      56,     610,      84,     264,      82
1360,      76,     592,      46,     298,      12
1361,      44,     592,     196,     298,     150
1362,      76,     592,      46,     298,      12
1363,      44,     592,     196,     298,     150
1364,      76,     592,      46,     298,      74
1365,      76,     592,      46,     298,      12
1366,      76,     592,      46,     298,      12
1367,      44,     592,     196,     264,     150
1368,      44,     592,     102,     264,     150
1369,      44,     592,     102,     264,     150
1370,      44,     592,     196,     264,      89
1371,      44,     592,     102,     264,     150
1372,     671,     933,     634,     839,     794
1373,     207,     408,     174,     162,     103
1374,     678,    1120,     616,     516,     477
1375,     582,    1162,     548,     621,     352
1376,     582,    1162,     546,     621,     352
1377,     582,    1162,     552,     621,     352
1378,     582,    1162,     548,     621,     409
1379,     582,    1162,     548,     621,     409
1380,     582,    1162,     548,     621,     409
1381,     582,    1162,     548,     621,     409
1382,     739,     980,     748,     668,     861
1383,     243,     722,      89,     481,     233
1384,     243,     724,      89,     481,     233
1385,     316,     550,     455,     397,     131
1386,     243,     671,     455,     481,     131
1387,     316,     438,      34,     397,     131
1388,     243,     375,      34,     462,     131
1389,     316,     376,      34,     397,     131
1390,     316,     344,      34,     386,     131
1391,     243,     284,      34,     253,     131
1392,     243,     280,      34,     233,     131
1393,     266,     265,      34,     214,     188
1394,     196,     213,      34,     166,     135
1395,     199,     250,     158,     154,     141
1396,     163,     223,      34,     169,     165
1397,     122,     193,     165,      90,      64
1398,      89,     126,     107,      84,      74
1399,      49,     121,       1,      14,       2
1400,      50,     337,      97,     121,     187
1401,     710,    1194,     351,     670,     406
1402,     710,    1194,     352,     735,     340
1403,     710,    1194,     357,     735,     340
1404,     710,    1194,     415,     735,     340
1405,     710,    1194,     415,     735,     420
1406,     710,    1194,     415,     735,     420
1407,     710,    1194,     415,     735,     420
1408,     710,    1194,     415,     735,     420
1409,     638,    1162,     379,     642,     430
1410,     638,    1162,     385,     676,     397
1411,     638,    1162,     384,     676,     353
1412,     638,    1162,     536,     676,     390
1413,     638,    1162,     536,     676,     378
1414,     638,    1162,     536,     676,     416
1415,     638,    1162,     536,     676,     390
1416,     638,    1162,     536,     676,     387
1417,     796,    1239,     383,     726,     272
1418,      44,     592,     102,     264,     150
1419,     206,     579,      71,     170,     108
1420,     679,    1112,     569,     553,     554
1421,     668,    1168,     500,     651,     310
1422,     305,     604,     146,     141,      88
1423,     710,    1194,     352,     735,     340
1424,     710,    1194,     357,     735,     340
1425,     710,    1194,     415,     735,     340
1426,     710,    1194,     415,     735,     420
1427,     710,    1194,     415,     735,     420
1428,     710,    1194,     415,     735,     420
1429,     710,    1194,     415,     735,     420
1430,     694,    1104,     591,     513,     565
1431,     689,    1181,     511,     680,     444
1432,     689,    1181,     398,     680,     408
1433,     689,    1181,     511,     680,     407
1434,     689,    1181,     511,     680,     447
1435,     689,    1181,     511,     680,     447
1436,     676,    1168,     383,     688,     368
1437,     676,    1168,     502,     688,     368
1438,     676,    1168,     502,     688,     396
1439,     676,    1168,     502,     688,     396
1440,     676,    1168,     502,     688,     396
1441,     771,    1231,     390,     785,     320
1442,     771,    1231,     493,     785,     320
1443,     771,    1231,     493,     785,     394
1444,     771,    1231,     493,     785,     394
1445,     771,    1231,     493,     785,     398
1446,     689,    1181,     388,     680,     409
1447,     771,    1231,     387,     785,     320
1448,     771,    1231,     493,     785,     398
1449,     676,    1168,     502,     688,     396
1450,     676,    1168,     374,     688,     366
1451,     689,    1181,     511,     680,     444
1452,     170,     350,      16,     268,     192
1453,     759,    1235,     334,     736,     326
1454,     759,    1235,     345,     736,     326
1455,     759,    1235,     422,     736,     326
1456,     759,    1235,     422,     736,     383
1457,     759,    1235,     422,     736,     383
1458,     759,    1235,     422,     736,     383
1459,     759,    1235,     422,     736,     383
1460,     804,     879,     615,     647,     629
1461,     739,    1224,     359,     756,     349
1462,     739,    1224,     515,     756,     349
1463,     739,    1224,     515,     756,     429
1464,     739,    1224,     515,     756,     429
1465,     739,    1224,     515,     756,     429
1466,     739,    1224,     363,     756,     349
1467,     739,    1224,     515,     756,     429
1468,     796,    1239,     488,     800,     311
1469,     796,    1239,     388,     800,     311
1470,     796,    1239,     488,     800,     391
1471,     796,    1239,     488,     800,     391
1472,     796,    1239,     488,     800,     391
1473,     796,    1239,     488,     800,     391
1474,     796,    1239,     388,     800,     311
1475,      50,     337,     279,     121,      82
1476,     759,    1235,     364,     722,     288
1477,     315,     586,     114,     141,     176
1478,     697,    1202,     419,     690,     332
1479,     710,    1194,     351,     670,     406
1480,     730,    1072,     574,     525,     537
1481,     167,     631,     184,     277,      12
1482,     167,     631,     184,     277,      12
1483,     167,     631,     237,     277,      12
1484,     167,     597,     237,     277,      12
1485,     167,     597,     184,     277,      12
1486,     167,     597,     237,     277,      12
1487,     167,     597,     184,     277,      12
1488,     167,     597,     237,     277,      12
1489,     167,     597,     237,     277,      12
1490,     167,     597,     184,     277,      12
1491,     167,     597,     184,     277,      12
1492,     214,     597,     219,     393,      24
1493,     167,     597,     237,     277,      12
1494,     214,     597,     219,     393,      24
1495,     214,     597,     219,     393,      24
1496,     214,     597,     219,     393,      24
1497,     771,    1231,     378,     702,     383
1498,     676,    1168,     394,     636,     378
1499,     689,    1181,     399,     619,     445
